construct_seconds,family,instance,method,n,query_seconds,repeat,seed,total_seconds
0.0020970830000806018,dense_frontier,dense_frontier_n90_m6_g9_s21,compressed,90,0.0005234589998508454,0,21,0.0026469169997653808
0.012126083999646653,dense_frontier,dense_frontier_n90_m6_g9_s21,dense,90,0.0019949590005126083,0,21,0.01413841700014018
0.011602292000134184,dense_frontier,dense_frontier_n90_m6_g9_s21,dense,90,0.002071875000183354,1,21,0.013691707999896607
0.0020092920003662584,dense_frontier,dense_frontier_n90_m6_g9_s21,compressed,90,0.00046466700041492004,1,21,0.002501707999726932
0.001871749999736494,dense_frontier,dense_frontier_n90_m6_g9_s21,compressed,90,0.0004989999997633277,2,21,0.002391874999375432
0.011678875000143307,dense_frontier,dense_frontier_n90_m6_g9_s21,dense,90,0.00209158299912815,2,21,0.013791291999950772
0.012177499999779684,dense_frontier,dense_frontier_n90_m6_g9_s21,dense,90,0.0021815000000060536,3,21,0.014374375000443251
0.001944250000633474,dense_frontier,dense_frontier_n90_m6_g9_s21,compressed,90,0.0005462079998324043,3,21,0.0025117499999396387
0.0018867090002459008,dense_frontier,dense_frontier_n90_m6_g9_s21,compressed,90,0.000511999999616819,4,21,0.002421166999738489
0.011803874999714026,dense_frontier,dense_frontier_n90_m6_g9_s21,dense,90,0.002079625000078522,4,21,0.01389941599973099
0.011944999999286665,dense_frontier,dense_frontier_n90_m6_g9_s22,dense,90,0.002125750000232074,0,22,0.014087624999774562
0.001863749999756692,dense_frontier,dense_frontier_n90_m6_g9_s22,compressed,90,0.00047974999961297726,0,22,0.002365291999922192
0.0018622919997142162,dense_frontier,dense_frontier_n90_m6_g9_s22,compressed,90,0.0004905830001007416,1,22,0.002373291000367317
0.011668709000332456,dense_frontier,dense_frontier_n90_m6_g9_s22,dense,90,0.0020728339995912393,1,22,0.013755957999819657
0.011719790999450197,dense_frontier,dense_frontier_n90_m6_g9_s22,dense,90,0.0021605829997497494,2,22,0.013897457999519247
0.0018182080002588918,dense_frontier,dense_frontier_n90_m6_g9_s22,compressed,90,0.0004835420004383195,2,22,0.0023249590003615594
0.0018065419999402366,dense_frontier,dense_frontier_n90_m6_g9_s22,compressed,90,0.0004850830000577844,3,22,0.0023119999996197294
0.012976083000467042,dense_frontier,dense_frontier_n90_m6_g9_s22,dense,90,0.0021345840004869387,3,22,0.01512629199987714
0.011465041999144887,dense_frontier,dense_frontier_n90_m6_g9_s22,dense,90,0.0020725839995066053,4,22,0.013553834000049392
0.0018390839995845454,dense_frontier,dense_frontier_n90_m6_g9_s22,compressed,90,0.00046225000005506445,4,22,0.0023226250004881877
0.0018734579998636036,dense_frontier,dense_frontier_n90_m6_g9_s23,compressed,90,0.0004761670006701024,0,23,0.002373334000367322
0.011778875000345579,dense_frontier,dense_frontier_n90_m6_g9_s23,dense,90,0.00211654200029443,0,23,0.013912583000092127
0.011802750000242668,dense_frontier,dense_frontier_n90_m6_g9_s23,dense,90,0.002105041999129753,1,23,0.013925291999839828
0.0018859170004361658,dense_frontier,dense_frontier_n90_m6_g9_s23,compressed,90,0.0004772909996972885,1,23,0.0023843330000090646
0.0018595419996927376,dense_frontier,dense_frontier_n90_m6_g9_s23,compressed,90,0.0004689170000347076,2,23,0.002349250000406755
0.011649375000160944,dense_frontier,dense_frontier_n90_m6_g9_s23,dense,90,0.0020334170003479812,2,23,0.013698875000045518
0.011641709000286937,dense_frontier,dense_frontier_n90_m6_g9_s23,dense,90,0.002029666999987967,3,23,0.013689458000044397
0.001930458000060753,dense_frontier,dense_frontier_n90_m6_g9_s23,compressed,90,0.0004535409998425166,3,23,0.002406041999165609
0.0018107920004695188,dense_frontier,dense_frontier_n90_m6_g9_s23,compressed,90,0.0004742500004795147,4,23,0.002306207999936305
0.011643832999652659,dense_frontier,dense_frontier_n90_m6_g9_s23,dense,90,0.002029624999522639,4,23,0.01368941700002324
0.0036628749994633836,dense_frontier,dense_frontier_n180_m6_g13_s21,compressed,180,0.0007541670001955936,0,21,0.004453417000149784
0.02309916699960013,dense_frontier,dense_frontier_n180_m6_g13_s21,dense,180,0.004018916999484645,0,21,0.027144165999743564
0.022628749999967113,dense_frontier,dense_frontier_n180_m6_g13_s21,dense,180,0.0040820840004016645,1,21,0.026736791000075755
0.0034538749996499973,dense_frontier,dense_frontier_n180_m6_g13_s21,compressed,180,0.0007333330004257732,1,21,0.004222874999868509
0.003487416999632842,dense_frontier,dense_frontier_n180_m6_g13_s21,compressed,180,0.0007043340001473553,2,21,0.004226416000165045
0.023108249999495456,dense_frontier,dense_frontier_n180_m6_g13_s21,dense,180,0.0040831249998518615,2,21,0.02721845799987932
0.023105165999368182,dense_frontier,dense_frontier_n180_m6_g13_s21,dense,180,0.004013665999991645,3,21,0.027146250000441796
0.003516957999636361,dense_frontier,dense_frontier_n180_m6_g13_s21,compressed,180,0.0007627079994563246,3,21,0.004315083999244962
0.003388166999684472,dense_frontier,dense_frontier_n180_m6_g13_s21,compressed,180,0.0008563339997635921,4,21,0.004281415999685123
0.023010292000435584,dense_frontier,dense_frontier_n180_m6_g13_s21,dense,180,0.004081209000105446,4,21,0.027118417000565387
0.022789665999880526,dense_frontier,dense_frontier_n180_m6_g13_s22,dense,180,0.004101665999769466,0,22,0.02691779100041458
0.0034689169997363933,dense_frontier,dense_frontier_n180_m6_g13_s22,compressed,180,0.0007888749996709521,0,22,0.0042945839995809365
0.0035117090001222095,dense_frontier,dense_frontier_n180_m6_g13_s22,compressed,180,0.0007645839996257564,1,22,0.004311792000407877
0.023171792000539426,dense_frontier,dense_frontier_n180_m6_g13_s22,dense,180,0.004053167000165558,1,22,0.02725033299975621
0.023371874999611464,dense_frontier,dense_frontier_n180_m6_g13_s22,dense,180,0.003956834000746312,2,22,0.027353999999832013
0.003454749999946216,dense_frontier,dense_frontier_n180_m6_g13_s22,compressed,180,0.0007525410001107957,2,22,0.004244583000399871
0.0035061250000580912,dense_frontier,dense_frontier_n180_m6_g13_s22,compressed,180,0.0007974159998411778,3,22,0.004340708000199811
0.023204125000120257,dense_frontier,dense_frontier_n180_m6_g13_s22,dense,180,0.0040741250004430185,3,22,0.027309832999890205
0.023317041999689536,dense_frontier,dense_frontier_n180_m6_g13_s22,dense,180,0.004155417000220041,4,22,0.02749725000012404
0.003492625000035332,dense_frontier,dense_frontier_n180_m6_g13_s22,compressed,180,0.0007283749991984223,4,22,0.0042558329996609245
0.0036157499998807907,dense_frontier,dense_frontier_n180_m6_g13_s23,compressed,180,0.0007351670001298771,0,23,0.004386000000522472
0.023164708000877,dense_frontier,dense_frontier_n180_m6_g13_s23,dense,180,0.004044792000058806,0,23,0.027237749999585503
0.022872624999763502,dense_frontier,dense_frontier_n180_m6_g13_s23,dense,180,0.004058792000250833,1,23,0.026957458000651968
0.003503291999550129,dense_frontier,dense_frontier_n180_m6_g13_s23,compressed,180,0.0007122500001059962,1,23,0.004248833000019658
0.0034050000003844616,dense_frontier,dense_frontier_n180_m6_g13_s23,compressed,180,0.0007568330001959112,2,23,0.004199291999611887
0.022964792000493617,dense_frontier,dense_frontier_n180_m6_g13_s23,dense,180,0.003998291999778303,2,23,0.026988583000274957
0.023184250000667816,dense_frontier,dense_frontier_n180_m6_g13_s23,dense,180,0.0040522500003135065,3,23,0.027261000000180502
0.003538291000040772,dense_frontier,dense_frontier_n180_m6_g13_s23,compressed,180,0.0007589580000058049,3,23,0.0043312080006217
0.003555749999577529,dense_frontier,dense_frontier_n180_m6_g13_s23,compressed,180,0.0007271670001500752,4,23,0.0043162499996469705
0.02291795800010732,dense_frontier,dense_frontier_n180_m6_g13_s23,dense,180,0.0040069579999908456,4,23,0.02695012499953009
0.006782417000067653,dense_frontier,dense_frontier_n360_m6_g18_s21,compressed,360,0.0012307919996601413,0,21,0.008075457999439095
0.046420665999903576,dense_frontier,dense_frontier_n360_m6_g18_s21,dense,360,0.008100832999843988,0,21,0.0545670000001337
0.04629808400022739,dense_frontier,dense_frontier_n360_m6_g18_s21,dense,360,0.008088333000159764,1,21,0.054436583000097016
0.006766291999156238,dense_frontier,dense_frontier_n360_m6_g18_s21,compressed,360,0.0013063329997748951,1,21,0.008136041999932786
0.006739916999322304,dense_frontier,dense_frontier_n360_m6_g18_s21,compressed,360,0.0012543329994514352,2,21,0.008070124999903783
0.0460254999998142,dense_frontier,dense_frontier_n360_m6_g18_s21,dense,360,0.00807033399996726,2,21,0.05414500000006228
0.046279832999971404,dense_frontier,dense_frontier_n360_m6_g18_s21,dense,360,0.008046875000218279,3,21,0.054373082999518374
0.00668829200003529,dense_frontier,dense_frontier_n360_m6_g18_s21,compressed,360,0.0012185420000605518,3,21,0.007968166999489767
0.006755542000064452,dense_frontier,dense_frontier_n360_m6_g18_s21,compressed,360,0.001217874999383639,4,21,0.008037749999857624
0.04665908300012234,dense_frontier,dense_frontier_n360_m6_g18_s21,dense,360,0.008201999999982945,4,21,0.054910374999963096
0.04596183400008158,dense_frontier,dense_frontier_n360_m6_g18_s22,dense,360,0.00805941700036783,0,22,0.0540745420003077
0.0067264580002301955,dense_frontier,dense_frontier_n360_m6_g18_s22,compressed,360,0.0012769160002790159,0,22,0.008066333999522612
0.006684875000246393,dense_frontier,dense_frontier_n360_m6_g18_s22,compressed,360,0.001178333000098064,1,22,0.007922041999336216
0.04572291699969355,dense_frontier,dense_frontier_n360_m6_g18_s22,dense,360,0.008059332999437174,1,22,0.05383008299941139
0.04614899999978661,dense_frontier,dense_frontier_n360_m6_g18_s22,dense,360,0.008254291999946872,2,22,0.05445954199967673
0.0067054579994874075,dense_frontier,dense_frontier_n360_m6_g18_s22,compressed,360,0.001270124999791733,2,22,0.008042624999688996
0.006685584000479139,dense_frontier,dense_frontier_n360_m6_g18_s22,compressed,360,0.0012570830003824085,3,22,0.008006334000128845
0.046272125000541564,dense_frontier,dense_frontier_n360_m6_g18_s22,dense,360,0.008028666999962297,3,22,0.05435208299968508
0.04593049999948562,dense_frontier,dense_frontier_n360_m6_g18_s22,dense,360,0.008247458999903756,4,22,0.0542275410007278
0.006656749999820022,dense_frontier,dense_frontier_n360_m6_g18_s22,compressed,360,0.001195791999634821,4,22,0.007916624999779742
0.00674674999936542,dense_frontier,dense_frontier_n360_m6_g18_s23,compressed,360,0.0012318749995756662,0,23,0.008045167000091169
0.04587937500036787,dense_frontier,dense_frontier_n360_m6_g18_s23,dense,360,0.008181374999367108,0,23,0.054107290999127144
0.04581029199925979,dense_frontier,dense_frontier_n360_m6_g18_s23,dense,360,0.008131500000672531,1,23,0.05398829200021282
0.006828708000284678,dense_frontier,dense_frontier_n360_m6_g18_s23,compressed,360,0.0012421659994288348,1,23,0.008132791000207362
0.006846332999884908,dense_frontier,dense_frontier_n360_m6_g18_s23,compressed,360,0.0012441250000847504,2,23,0.008151375000124972
0.046369540999876335,dense_frontier,dense_frontier_n360_m6_g18_s23,dense,360,0.008151832999828912,2,23,0.05456662500000675
0.04646983300062857,dense_frontier,dense_frontier_n360_m6_g18_s23,dense,360,0.008165833000020939,3,23,0.05468308299987257
0.0068242500001360895,dense_frontier,dense_frontier_n360_m6_g18_s23,compressed,360,0.0012126660003559664,3,23,0.008097042000372312
0.006829708000623214,dense_frontier,dense_frontier_n360_m6_g18_s23,compressed,360,0.0012340829998720437,4,23,0.008122500000354194
0.04586191700036579,dense_frontier,dense_frontier_n360_m6_g18_s23,dense,360,0.008143916999870271,4,23,0.05405158299981849
0.013382332999753999,dense_frontier,dense_frontier_n720_m6_g26_s21,compressed,720,0.0023026669996397686,0,21,0.015815084000678326
0.09306629200000316,dense_frontier,dense_frontier_n720_m6_g26_s21,dense,720,0.016230208000706625,0,21,0.10940216699964367
0.09297083399997064,dense_frontier,dense_frontier_n720_m6_g26_s21,dense,720,0.016466666999804147,1,21,0.10962225000002945
0.013172375000067404,dense_frontier,dense_frontier_n720_m6_g26_s21,compressed,720,0.0022567920004803455,1,21,0.015551208999568189
0.013341083000341314,dense_frontier,dense_frontier_n720_m6_g26_s21,compressed,720,0.0022345830002450384,2,21,0.01569050000034622
0.09298004199990828,dense_frontier,dense_frontier_n720_m6_g26_s21,dense,720,0.016464083000755636,2,21,0.10954391699942789
0.09265345800031355,dense_frontier,dense_frontier_n720_m6_g26_s21,dense,720,0.016265540999484074,3,21,0.10901812500014785
0.013205291000303987,dense_frontier,dense_frontier_n720_m6_g26_s21,compressed,720,0.002246832999844628,3,21,0.015572500000416767
0.013319584000782925,dense_frontier,dense_frontier_n720_m6_g26_s21,compressed,720,0.00226841699986835,4,21,0.015719375000116997
0.09356200000001991,dense_frontier,dense_frontier_n720_m6_g26_s21,dense,720,0.01610391600024741,4,21,0.10976658399977168
0.09244708299956983,dense_frontier,dense_frontier_n720_m6_g26_s22,dense,720,0.016469499999402615,0,22,0.10900074999972276
0.013224332999925537,dense_frontier,dense_frontier_n720_m6_g26_s22,compressed,720,0.002292208999278955,0,22,0.015644749999410124
0.013130291999914334,dense_frontier,dense_frontier_n720_m6_g26_s22,compressed,720,0.0022740419999536243,1,22,0.015521833000093466
0.0923428750002131,dense_frontier,dense_frontier_n720_m6_g26_s22,dense,720,0.01622945799954323,1,22,0.10866141699989385
0.09221041700038768,dense_frontier,dense_frontier_n720_m6_g26_s22,dense,720,0.015987542000402755,2,22,0.10829283299972303
0.013037165999776335,dense_frontier,dense_frontier_n720_m6_g26_s22,compressed,720,0.002251875000183645,2,22,0.015410207999593695
0.013064040999779536,dense_frontier,dense_frontier_n720_m6_g26_s22,compressed,720,0.002226207999228791,3,22,0.015404333999867958
0.09234891699998116,dense_frontier,dense_frontier_n720_m6_g26_s22,dense,720,0.016180749999875843,3,22,0.10862600000018574
0.0923532079996221,dense_frontier,dense_frontier_n720_m6_g26_s22,dense,720,0.016224167000473244,4,22,0.10867624999991676
0.013264042000628251,dense_frontier,dense_frontier_n720_m6_g26_s22,compressed,720,0.0023157080004239106,4,22,0.015707457999269536
0.013194874999499007,dense_frontier,dense_frontier_n720_m6_g26_s23,compressed,720,0.0023009579999779817,0,23,0.01561883299928013
0.09184704200015403,dense_frontier,dense_frontier_n720_m6_g26_s23,dense,720,0.01588774999981979,0,23,0.10782170800030144
0.09169291699981841,dense_frontier,dense_frontier_n720_m6_g26_s23,dense,720,0.01621304099990084,1,23,0.10799320800015266
0.013411707999694045,dense_frontier,dense_frontier_n720_m6_g26_s23,compressed,720,0.0022398330002033617,1,23,0.015770083000461455
0.013335750000806001,dense_frontier,dense_frontier_n720_m6_g26_s23,compressed,720,0.0022356660001605633,2,23,0.015684666000197467
0.09210666600029072,dense_frontier,dense_frontier_n720_m6_g26_s23,dense,720,0.015989583999726165,2,23,0.10818520799966791
0.09272383400002582,dense_frontier,dense_frontier_n720_m6_g26_s23,dense,720,0.01642145799996797,3,23,0.10923629199987772
0.014792916999795125,dense_frontier,dense_frontier_n720_m6_g26_s23,compressed,720,0.0024802500001896988,3,23,0.01739558300050703
0.014540750000378466,dense_frontier,dense_frontier_n720_m6_g26_s23,compressed,720,0.0025369590002810583,4,23,0.017207542000505782
0.09466841599987674,dense_frontier,dense_frontier_n720_m6_g26_s23,dense,720,0.016296290999889607,4,23,0.11105208400022093
0.0018408750001981389,correlated_risk,correlated_risk_n90_m6_g9_s21,compressed,90,0.00045737499931419734,0,21,0.0023185840000223834
0.010396624999884807,correlated_risk,correlated_risk_n90_m6_g9_s21,dense,90,0.0020087910006623133,0,21,0.012421209000422095
0.010254791999614099,correlated_risk,correlated_risk_n90_m6_g9_s21,dense,90,0.0019624579999799607,1,21,0.012232125000082306
0.00188491700009763,correlated_risk,correlated_risk_n90_m6_g9_s21,compressed,90,0.00043116699998790864,1,21,0.002336916999411187
0.0018022499998551211,correlated_risk,correlated_risk_n90_m6_g9_s21,compressed,90,0.00046129199927236186,2,21,0.002283540999997058
0.010334874999898602,correlated_risk,correlated_risk_n90_m6_g9_s21,dense,90,0.0020191669991618255,2,21,0.012369207999654463
0.010354500000175904,correlated_risk,correlated_risk_n90_m6_g9_s21,dense,90,0.0019853750000038417,3,21,0.012356459000329778
0.0019232080003348528,correlated_risk,correlated_risk_n90_m6_g9_s21,compressed,90,0.00047037500007718336,3,21,0.002412416999504785
0.0017672499998298008,correlated_risk,correlated_risk_n90_m6_g9_s21,compressed,90,0.0004505830002017319,4,21,0.002238541999759036
0.010449999999764259,correlated_risk,correlated_risk_n90_m6_g9_s21,dense,90,0.0019948340004702914,4,21,0.012461541999982728
0.009625167000194779,correlated_risk,correlated_risk_n90_m6_g9_s22,dense,90,0.0019290829995952663,0,22,0.01156937499945343
0.0018075830002999282,correlated_risk,correlated_risk_n90_m6_g9_s22,compressed,90,0.0005299999993439997,0,22,0.0023613329994987
0.001952333000190265,correlated_risk,correlated_risk_n90_m6_g9_s22,compressed,90,0.0004382500001156586,1,22,0.002410541999779525
0.009628499999962514,correlated_risk,correlated_risk_n90_m6_g9_s22,dense,90,0.0019614170005297638,1,22,0.011605749999944237
0.009576458000083221,correlated_risk,correlated_risk_n90_m6_g9_s22,dense,90,0.001982333000341896,2,22,0.011574332999771286
0.0017896250001285807,correlated_risk,correlated_risk_n90_m6_g9_s22,compressed,90,0.000525917000231857,2,22,0.0023413749995597755
0.0018872079999709968,correlated_risk,correlated_risk_n90_m6_g9_s22,compressed,90,0.000496042000122543,3,22,0.002404582999588456
0.009587084000486357,correlated_risk,correlated_risk_n90_m6_g9_s22,dense,90,0.001901249999718857,3,22,0.011503749999974389
0.009506749999673048,correlated_risk,correlated_risk_n90_m6_g9_s22,dense,90,0.0019924580001315917,4,22,0.011515084000166098
0.0018443749995640246,correlated_risk,correlated_risk_n90_m6_g9_s22,compressed,90,0.0004587500006891787,4,22,0.0023245829997904366
0.0019801250000455184,correlated_risk,correlated_risk_n90_m6_g9_s23,compressed,90,0.00044529099977808073,0,23,0.002447165999910794
0.010438416999932087,correlated_risk,correlated_risk_n90_m6_g9_s23,dense,90,0.0020520000007309136,0,23,0.012506207999649632
0.01036991700038925,correlated_risk,correlated_risk_n90_m6_g9_s23,dense,90,0.001961459000085597,1,23,0.012373833000310697
0.002139417000762478,correlated_risk,correlated_risk_n90_m6_g9_s23,compressed,90,0.0004970840000169119,1,23,0.002658625000549364
0.001885874999970838,correlated_risk,correlated_risk_n90_m6_g9_s23,compressed,90,0.00047850000009930227,2,23,0.002396416000010504
0.010302959000000556,correlated_risk,correlated_risk_n90_m6_g9_s23,dense,90,0.0019571670000004815,2,23,0.012278082999728213
0.01102012499995908,correlated_risk,correlated_risk_n90_m6_g9_s23,dense,90,0.002090416999635636,3,23,0.013127541999892856
0.0019739579993256484,correlated_risk,correlated_risk_n90_m6_g9_s23,compressed,90,0.0005265409999992698,3,23,0.0025243750005756738
0.0020464589997573057,correlated_risk,correlated_risk_n90_m6_g9_s23,compressed,90,0.0006202920003488543,4,23,0.002689207999537757
0.011201583000001847,correlated_risk,correlated_risk_n90_m6_g9_s23,dense,90,0.0020752910004375735,4,23,0.013295124999785912
0.004002749999926891,correlated_risk,correlated_risk_n180_m6_g13_s21,compressed,180,0.0009404590000485769,0,21,0.0049759580006139
0.024916792000112764,correlated_risk,correlated_risk_n180_m6_g13_s21,dense,180,0.0042479590001676115,0,21,0.02919000000019878
0.02653137500055891,correlated_risk,correlated_risk_n180_m6_g13_s21,dense,180,0.0045944169996801065,1,21,0.031161457999587583
0.0037803330005772295,correlated_risk,correlated_risk_n180_m6_g13_s21,compressed,180,0.0007620829992447398,1,21,0.0045787919998474536
0.0038193749996935367,correlated_risk,correlated_risk_n180_m6_g13_s21,compressed,180,0.0007293329999811249,2,21,0.00458249999974214
0.02274620899970614,correlated_risk,correlated_risk_n180_m6_g13_s21,dense,180,0.00425445899963961,2,21,0.0270286249997298
0.022792666999521316,correlated_risk,correlated_risk_n180_m6_g13_s21,dense,180,0.004212958000607614,3,21,0.027031333000195445
0.003569291999156121,correlated_risk,correlated_risk_n180_m6_g13_s21,compressed,180,0.0007532500003435416,3,21,0.004371834000266972
0.0036478330002864823,correlated_risk,correlated_risk_n180_m6_g13_s21,compressed,180,0.0007935839994388516,4,21,0.004476833999433438
0.022788124999351567,correlated_risk,correlated_risk_n180_m6_g13_s21,dense,180,0.003943542000342859,4,21,0.026756499999464722
0.02177891599967552,correlated_risk,correlated_risk_n180_m6_g13_s22,dense,180,0.0040376659999310505,0,22,0.02584433300035016
0.0036165000001346925,correlated_risk,correlated_risk_n180_m6_g13_s22,compressed,180,0.0007245830001920694,0,22,0.004375249999611697
0.0035716669999601436,correlated_risk,correlated_risk_n180_m6_g13_s22,compressed,180,0.0006789160006519523,1,22,0.004292249999707565
0.022003125000082946,correlated_risk,correlated_risk_n180_m6_g13_s22,dense,180,0.004355624999334395,1,22,0.02638529199975892
0.02170612500049174,correlated_risk,correlated_risk_n180_m6_g13_s22,dense,180,0.00410333299987542,2,22,0.025838874999863037
0.0034452079999027774,correlated_risk,correlated_risk_n180_m6_g13_s22,compressed,180,0.0006962499992368976,2,22,0.004178292000688089
0.0035956250003437162,correlated_risk,correlated_risk_n180_m6_g13_s22,compressed,180,0.0007048750003377791,3,22,0.00433420900026249
0.02155837500049529,correlated_risk,correlated_risk_n180_m6_g13_s22,dense,180,0.004133792000175163,3,22,0.025717958000313956
0.021979000000101223,correlated_risk,correlated_risk_n180_m6_g13_s22,dense,180,0.004021165999802179,4,22,0.026026292000096873
0.003910000000360014,correlated_risk,correlated_risk_n180_m6_g13_s22,compressed,180,0.0009043339996424038,4,22,0.00484891699943546
0.003478083000118204,correlated_risk,correlated_risk_n180_m6_g13_s23,compressed,180,0.0007762499999444117,0,23,0.004290208000384155
0.0224507499997344,correlated_risk,correlated_risk_n180_m6_g13_s23,dense,180,0.004014791999907175,0,23,0.026493542000025627
0.02240470800006733,correlated_risk,correlated_risk_n180_m6_g13_s23,dense,180,0.004070541000146477,1,23,0.02650079100021685
0.003463375000137603,correlated_risk,correlated_risk_n180_m6_g13_s23,compressed,180,0.0006971669999984442,1,23,0.004194166999695881
0.0035264589996586437,correlated_risk,correlated_risk_n180_m6_g13_s23,compressed,180,0.0007597080002597068,2,23,0.004319542000303045
0.022236249999878055,correlated_risk,correlated_risk_n180_m6_g13_s23,dense,180,0.004105874999368098,2,23,0.026365624999925785
0.02208479199998692,correlated_risk,correlated_risk_n180_m6_g13_s23,dense,180,0.0040075420001812745,3,23,0.026119291999748384
0.0034515840006861254,correlated_risk,correlated_risk_n180_m6_g13_s23,compressed,180,0.0007870419995015254,3,23,0.004275334000340081
0.0034673749996727565,correlated_risk,correlated_risk_n180_m6_g13_s23,compressed,180,0.0007408329993268126,4,23,0.004243999999744119
0.022337499999594,correlated_risk,correlated_risk_n180_m6_g13_s23,dense,180,0.004148125000028813,4,23,0.026512417000049027
0.0068254999996497645,correlated_risk,correlated_risk_n360_m6_g18_s21,compressed,360,0.0012272920002942556,0,21,0.008114541999930225
0.0461645840005076,correlated_risk,correlated_risk_n360_m6_g18_s21,dense,360,0.008158999999977823,0,21,0.05436970899972948
0.044052459000340605,correlated_risk,correlated_risk_n360_m6_g18_s21,dense,360,0.008178500000212807,1,21,0.052279417000136164
0.006840625000222644,correlated_risk,correlated_risk_n360_m6_g18_s21,compressed,360,0.0012850410003011348,1,21,0.00821300000006886
0.007615374999659252,correlated_risk,correlated_risk_n360_m6_g18_s21,compressed,360,0.0012594170002557803,2,21,0.009014792000016314
0.04443479100063996,correlated_risk,correlated_risk_n360_m6_g18_s21,dense,360,0.008052499999394058,2,21,0.052542459000505914
0.04419591599980777,correlated_risk,correlated_risk_n360_m6_g18_s21,dense,360,0.00789316600003076,3,21,0.05213783299950592
0.006809708000218961,correlated_risk,correlated_risk_n360_m6_g18_s21,compressed,360,0.0011994999995295075,3,21,0.008067167000262998
0.006759082999451493,correlated_risk,correlated_risk_n360_m6_g18_s21,compressed,360,0.0011560829998416011,4,21,0.007974292000653804
0.04429816599986225,correlated_risk,correlated_risk_n360_m6_g18_s21,dense,360,0.007969999999659194,4,21,0.052313959000457544
0.0462912500006496,correlated_risk,correlated_risk_n360_m6_g18_s22,dense,360,0.00823554199996579,0,22,0.05457879099958518
0.006681832999674953,correlated_risk,correlated_risk_n360_m6_g18_s22,compressed,360,0.0011656249998850399,0,22,0.007906916000138153
0.006797832999836828,correlated_risk,correlated_risk_n360_m6_g18_s22,compressed,360,0.0011772500001825392,1,22,0.008037583999794151
0.045908875000350235,correlated_risk,correlated_risk_n360_m6_g18_s22,dense,360,0.00829158299984556,1,22,0.05424741600018024
0.0463990839998587,correlated_risk,correlated_risk_n360_m6_g18_s22,dense,360,0.007949458000439336,2,22,0.05439520799973252
0.006820499999776075,correlated_risk,correlated_risk_n360_m6_g18_s22,compressed,360,0.001222792000589834,2,22,0.00810570799967536
0.006771790999664518,correlated_risk,correlated_risk_n360_m6_g18_s22,compressed,360,0.0012662910003200523,3,22,0.008099416999357345
0.046280208000098355,correlated_risk,correlated_risk_n360_m6_g18_s22,dense,360,0.00805091700021876,3,22,0.054376207999666804
0.04640687500068452,correlated_risk,correlated_risk_n360_m6_g18_s22,dense,360,0.008189458000742889,4,22,0.05464683399986825
0.006792958000005456,correlated_risk,correlated_risk_n360_m6_g18_s22,compressed,360,0.001226582999152015,4,22,0.008082666000518657
0.006735375000062049,correlated_risk,correlated_risk_n360_m6_g18_s23,compressed,360,0.0011609580005824682,0,23,0.00795945799927722
0.046041917000366084,correlated_risk,correlated_risk_n360_m6_g18_s23,dense,360,0.008109332999993057,0,23,0.05419658299979346
0.04621491700072511,correlated_risk,correlated_risk_n360_m6_g18_s23,dense,360,0.008150582999405742,1,23,0.05441291600072873
0.006691667000268353,correlated_risk,correlated_risk_n360_m6_g18_s23,compressed,360,0.0012021249995086691,1,23,0.007955667000715039
0.006688333000056446,correlated_risk,correlated_risk_n360_m6_g18_s23,compressed,360,0.0012113750008211355,2,23,0.007965042000250833
0.04561879199991381,correlated_risk,correlated_risk_n360_m6_g18_s23,dense,360,0.00784033299987641,2,23,0.05350529099996493
0.04578937499991298,correlated_risk,correlated_risk_n360_m6_g18_s23,dense,360,0.008053042000028654,3,23,0.05389512499914417
0.006701792000058049,correlated_risk,correlated_risk_n360_m6_g18_s23,compressed,360,0.001216624999869964,3,23,0.007982541000274068
0.006646666000051482,correlated_risk,correlated_risk_n360_m6_g18_s23,compressed,360,0.0011748750002880115,4,23,0.007885957999860693
0.04623483299928921,correlated_risk,correlated_risk_n360_m6_g18_s23,dense,360,0.008181041999705485,4,23,0.05446787500022765
0.013230124999608961,correlated_risk,correlated_risk_n720_m6_g26_s21,compressed,720,0.002178208000259474,0,21,0.015530708000369486
0.09296516699942003,correlated_risk,correlated_risk_n720_m6_g26_s21,dense,720,0.016212000000450644,0,21,0.10928445799982
0.09289625000019441,correlated_risk,correlated_risk_n720_m6_g26_s21,dense,720,0.016286416000184545,1,21,0.10927108300074906
0.0132393330004561,correlated_risk,correlated_risk_n720_m6_g26_s21,compressed,720,0.0021827079999638954,1,21,0.015539084000010916
0.013374208999266557,correlated_risk,correlated_risk_n720_m6_g26_s21,compressed,720,0.0022207080000953283,2,21,0.0157132089998413
0.09281275000012101,correlated_risk,correlated_risk_n720_m6_g26_s21,dense,720,0.016378500000428176,2,21,0.10927558399998816
0.09314591700058372,correlated_risk,correlated_risk_n720_m6_g26_s21,dense,720,0.01633558399953472,3,21,0.10959216700030083
0.013332792000255722,correlated_risk,correlated_risk_n720_m6_g26_s21,compressed,720,0.0022180000005391776,3,21,0.01566983300017455
0.013356249999560532,correlated_risk,correlated_risk_n720_m6_g26_s21,compressed,720,0.0021373749996200786,4,21,0.015622124999936204
0.09340770800008613,correlated_risk,correlated_risk_n720_m6_g26_s21,dense,720,0.016198249999433756,4,21,0.10969541700069385
0.09236487500038493,correlated_risk,correlated_risk_n720_m6_g26_s22,dense,720,0.016211957999985316,0,22,0.10866283399991516
0.013256582999929378,correlated_risk,correlated_risk_n720_m6_g26_s22,compressed,720,0.0021739590001743636,0,22,0.015544541999588546
0.013242500000160362,correlated_risk,correlated_risk_n720_m6_g26_s22,compressed,720,0.002132499999788706,1,22,0.01548920899949735
0.0928502920005485,correlated_risk,correlated_risk_n720_m6_g26_s22,dense,720,0.01616349999949307,1,22,0.10910779100049695
0.09244570800001384,correlated_risk,correlated_risk_n720_m6_g26_s22,dense,720,0.016733583999666735,2,22,0.10926887499954319
0.013913583000430663,correlated_risk,correlated_risk_n720_m6_g26_s22,compressed,720,0.0023772499998813146,2,22,0.0164194579992909
0.014376583999364811,correlated_risk,correlated_risk_n720_m6_g26_s22,compressed,720,0.0022350830004143063,3,22,0.01672891599991999
0.09418770899992523,correlated_risk,correlated_risk_n720_m6_g26_s22,dense,720,0.019122208000226237,3,22,0.11343570799999725
0.09393670899953577,correlated_risk,correlated_risk_n720_m6_g26_s22,dense,720,0.016095666000182973,4,22,0.1101244580004277
0.013200915999732388,correlated_risk,correlated_risk_n720_m6_g26_s22,compressed,720,0.0022412090002035256,4,22,0.015567125000416127
0.013225874999989173,correlated_risk,correlated_risk_n720_m6_g26_s23,compressed,720,0.0022137500000098953,0,23,0.015561999999590626
0.09268095900006301,correlated_risk,correlated_risk_n720_m6_g26_s23,dense,720,0.01608124999984284,0,23,0.10884904199974699
0.09318591600003856,correlated_risk,correlated_risk_n720_m6_g26_s23,dense,720,0.016343792000043322,1,23,0.10963179200007289
0.013399458999629132,correlated_risk,correlated_risk_n720_m6_g26_s23,compressed,720,0.002247166999950423,1,23,0.015770334000080766
0.013244290999864461,correlated_risk,correlated_risk_n720_m6_g26_s23,compressed,720,0.00222429200039187,2,23,0.0156009999991511
0.10068637499989563,correlated_risk,correlated_risk_n720_m6_g26_s23,dense,720,0.01644391599984374,2,23,0.11721924999983457
0.09295954099980008,correlated_risk,correlated_risk_n720_m6_g26_s23,dense,720,0.016259707999779494,3,23,0.1093150839997179
0.013687083000149869,correlated_risk,correlated_risk_n720_m6_g26_s23,compressed,720,0.0022277910002230783,3,23,0.016039583999372553
0.01332354199985275,correlated_risk,correlated_risk_n720_m6_g26_s23,compressed,720,0.002221667000412708,4,23,0.015673292000428773
0.1011302919996524,correlated_risk,correlated_risk_n720_m6_g26_s23,dense,720,0.017755750000105763,4,23,0.1189890830000877
0.0018877909997172537,near_tie,near_tie_n90_m6_g9_s21,compressed,90,0.000479834000543633,0,21,0.002390582999396429
0.012086208000255283,near_tie,near_tie_n90_m6_g9_s21,dense,90,0.0021006249999118154,0,21,0.014205082999978913
0.011854665999635472,near_tie,near_tie_n90_m6_g9_s21,dense,90,0.002120999999533524,1,21,0.01399200000014389
0.0018959589997393778,near_tie,near_tie_n90_m6_g9_s21,compressed,90,0.00046466699950542534,1,21,0.002382624999881955
0.0018566250000731088,near_tie,near_tie_n90_m6_g9_s21,compressed,90,0.0005484580005941098,2,21,0.0024298329999510315
0.01199754200024472,near_tie,near_tie_n90_m6_g9_s21,dense,90,0.002051874999779102,2,21,0.014064832999792998
0.011846584000522853,near_tie,near_tie_n90_m6_g9_s21,dense,90,0.0020856250002907473,3,21,0.01394716699996934
0.0018911659999503172,near_tie,near_tie_n90_m6_g9_s21,compressed,90,0.0004749999998239218,3,21,0.002389999999650172
0.0018226669999421574,near_tie,near_tie_n90_m6_g9_s21,compressed,90,0.0004546250002022134,4,21,0.002299124999808555
0.012273416999960318,near_tie,near_tie_n90_m6_g9_s21,dense,90,0.002105707999362494,4,21,0.01439395799934573
0.011818250000033004,near_tie,near_tie_n90_m6_g9_s22,dense,90,0.002118540999617835,0,22,0.013953707999462495
0.0019172090005667997,near_tie,near_tie_n90_m6_g9_s22,compressed,90,0.0004669170002671308,0,22,0.002405041999736568
0.001772624999830441,near_tie,near_tie_n90_m6_g9_s22,compressed,90,0.0005710830000680289,1,22,0.0023661669993089163
0.011764167000364978,near_tie,near_tie_n90_m6_g9_s22,dense,90,0.0020664580006268807,1,22,0.013848000000507454
0.01155862499945215,near_tie,near_tie_n90_m6_g9_s22,dense,90,0.0020917089996146387,2,22,0.013667500000337895
0.0018532080002842122,near_tie,near_tie_n90_m6_g9_s22,compressed,90,0.0004699580003943993,2,22,0.00234558299962373
0.0018131249998987187,near_tie,near_tie_n90_m6_g9_s22,compressed,90,0.0005211659999986296,3,22,0.0023554589997729636
0.011664832999485952,near_tie,near_tie_n90_m6_g9_s22,dense,90,0.0021013329997003893,3,22,0.013782166999590117
0.01286333400003059,near_tie,near_tie_n90_m6_g9_s22,dense,90,0.0022064579998186673,4,22,0.01508479200037982
0.002008333999583556,near_tie,near_tie_n90_m6_g9_s22,compressed,90,0.0004982090003977646,4,22,0.0025274999998146086
0.0019271659994046786,near_tie,near_tie_n90_m6_g9_s23,compressed,90,0.00046633300007670186,0,23,0.0024142080001183785
0.01232724999954371,near_tie,near_tie_n90_m6_g9_s23,dense,90,0.0021065000000817236,0,23,0.014449416999923415
0.011805416999777663,near_tie,near_tie_n90_m6_g9_s23,dense,90,0.002097624999805703,1,23,0.013919459000135248
0.0019104580005659955,near_tie,near_tie_n90_m6_g9_s23,compressed,90,0.0004693749997386476,1,23,0.002403125000455475
0.0018657079999684356,near_tie,near_tie_n90_m6_g9_s23,compressed,90,0.0004627500002243323,2,23,0.002349915999730001
0.01175566600068123,near_tie,near_tie_n90_m6_g9_s23,dense,90,0.0020610830006262404,2,23,0.01383358400016732
0.01175150000017311,near_tie,near_tie_n90_m6_g9_s23,dense,90,0.002074500000162516,3,23,0.013843999999153311
0.0019436669999777223,near_tie,near_tie_n90_m6_g9_s23,compressed,90,0.00046891599959053565,3,23,0.0024378749994866666
0.00187812500007567,near_tie,near_tie_n90_m6_g9_s23,compressed,90,0.0004983329999959096,4,23,0.0024015829994823434
0.0117593749992011,near_tie,near_tie_n90_m6_g9_s23,dense,90,0.002070166000521567,4,23,0.013845958999809227
0.0034617499995874823,near_tie,near_tie_n180_m6_g13_s21,compressed,180,0.0006886660003146972,0,21,0.004185333000350511
0.023230916000102297,near_tie,near_tie_n180_m6_g13_s21,dense,180,0.004117999999834865,0,21,0.027377333000004
0.02332079200004955,near_tie,near_tie_n180_m6_g13_s21,dense,180,0.0041080839991991525,1,21,0.027458915999886813
0.0034454159995220834,near_tie,near_tie_n180_m6_g13_s21,compressed,180,0.0008225419996961136,1,21,0.004312832999858074
0.003449082999395614,near_tie,near_tie_n180_m6_g13_s21,compressed,180,0.000722332999430364,2,21,0.004204834000120172
0.02328654099983396,near_tie,near_tie_n180_m6_g13_s21,dense,180,0.004010916999504843,2,21,0.027321375000610715
0.022984250000263273,near_tie,near_tie_n180_m6_g13_s21,dense,180,0.003964708000239625,3,21,0.026974041999892506
0.003501541999867186,near_tie,near_tie_n180_m6_g13_s21,compressed,180,0.0007228340000438038,3,21,0.004258041999491979
0.003566042000784364,near_tie,near_tie_n180_m6_g13_s21,compressed,180,0.0007230839992189431,4,21,0.0043234579998170375
0.02333395800087601,near_tie,near_tie_n180_m6_g13_s21,dense,180,0.004040374999931373,4,21,0.027401959000599163
0.023543291999885696,near_tie,near_tie_n180_m6_g13_s22,dense,180,0.004109041999981855,0,22,0.027683000000251923
0.0035092910002276767,near_tie,near_tie_n180_m6_g13_s22,compressed,180,0.0007146250000005239,0,22,0.004258083999957307
0.003523334000419709,near_tie,near_tie_n180_m6_g13_s22,compressed,180,0.000727375000678876,1,22,0.004293166000024939
0.023399167000206944,near_tie,near_tie_n180_m6_g13_s22,dense,180,0.004127625000364787,1,22,0.027551999999559484
0.02321929200024897,near_tie,near_tie_n180_m6_g13_s22,dense,180,0.004115667000405665,2,22,0.027361750000636675
0.003485000000182481,near_tie,near_tie_n180_m6_g13_s22,compressed,180,0.0007469170004696934,2,22,0.004269791999831796
0.0035506670001268503,near_tie,near_tie_n180_m6_g13_s22,compressed,180,0.0007232090001707547,3,22,0.004306709000047704
0.02354516600007628,near_tie,near_tie_n180_m6_g13_s22,dense,180,0.004099208000297949,3,22,0.027674208999997063
0.02314891700007138,near_tie,near_tie_n180_m6_g13_s22,dense,180,0.004150958000536775,4,22,0.02732716700029414
0.0034090839999407763,near_tie,near_tie_n180_m6_g13_s22,compressed,180,0.0007991669999682927,4,22,0.004254208000020299
0.003568916999938665,near_tie,near_tie_n180_m6_g13_s23,compressed,180,0.0007162499996411498,0,23,0.004320207999626291
0.023364165999737452,near_tie,near_tie_n180_m6_g13_s23,dense,180,0.003958124999371648,0,23,0.02735241699974722
0.023335916999712936,near_tie,near_tie_n180_m6_g13_s23,dense,180,0.004111792000003334,1,23,0.02747745800024859
0.003545999999914784,near_tie,near_tie_n180_m6_g13_s23,compressed,180,0.000692916999469162,1,23,0.004272625000339758
0.0033759999996618717,near_tie,near_tie_n180_m6_g13_s23,compressed,180,0.000727375000678876,2,23,0.0041355829998792615
0.02318504200047755,near_tie,near_tie_n180_m6_g13_s23,dense,180,0.00407170899961784,2,23,0.027286042000014277
0.02283287500085862,near_tie,near_tie_n180_m6_g13_s23,dense,180,0.003975249999712105,3,23,0.02683175000038318
0.003550375000486383,near_tie,near_tie_n180_m6_g13_s23,compressed,180,0.0007396250002784654,3,23,0.00432912500036764
0.003597208999963186,near_tie,near_tie_n180_m6_g13_s23,compressed,180,0.0006996250003794557,4,23,0.004330416999437148
0.023059957999976177,near_tie,near_tie_n180_m6_g13_s23,dense,180,0.0040549589994043345,4,23,0.027143958000124258
0.006691540999781864,near_tie,near_tie_n360_m6_g18_s21,compressed,360,0.0012317910004639998,0,21,0.007992542000465619
0.04635987500023475,near_tie,near_tie_n360_m6_g18_s21,dense,360,0.00816225000016857,0,21,0.054570457999943756
0.045874041999923065,near_tie,near_tie_n360_m6_g18_s21,dense,360,0.008214790999772958,1,21,0.05413841599965963
0.006810959000176808,near_tie,near_tie_n360_m6_g18_s21,compressed,360,0.0012006249999103602,1,21,0.008074084000327275
0.006843166000180645,near_tie,near_tie_n360_m6_g18_s21,compressed,360,0.0012133329992138897,2,21,0.008116334000078496
0.0456884169998375,near_tie,near_tie_n360_m6_g18_s21,dense,360,0.008169458000338636,2,21,0.0539087910001399
0.046030916999370675,near_tie,near_tie_n360_m6_g18_s21,dense,360,0.008104749999802152,3,21,0.05418312499932654
0.006811917000050016,near_tie,near_tie_n360_m6_g18_s21,compressed,360,0.0011846670004160842,3,21,0.008061624999754713
0.006766499999685038,near_tie,near_tie_n360_m6_g18_s21,compressed,360,0.0011827919997813297,4,21,0.008009041000150319
0.04641575000005105,near_tie,near_tie_n360_m6_g18_s21,dense,360,0.008050790999732271,4,21,0.05451366600027541
0.04589612499967188,near_tie,near_tie_n360_m6_g18_s22,dense,360,0.008163374999639927,0,22,0.05411033400014276
0.006911707999279315,near_tie,near_tie_n360_m6_g18_s22,compressed,360,0.0011877500000991859,0,22,0.008164541000041936
0.006663791999926616,near_tie,near_tie_n360_m6_g18_s22,compressed,360,0.001208833000418963,1,22,0.007939916000395897
0.046309915999700024,near_tie,near_tie_n360_m6_g18_s22,dense,360,0.008136082999953942,1,22,0.05449533400042128
0.04617770799995924,near_tie,near_tie_n360_m6_g18_s22,dense,360,0.00826195799982088,2,22,0.05449037499965925
0.0066819590001614415,near_tie,near_tie_n360_m6_g18_s22,compressed,360,0.0012266670000826707,2,22,0.007970708000357263
0.006742583000232116,near_tie,near_tie_n360_m6_g18_s22,compressed,360,0.0012337500002104207,3,22,0.008037958999921102
0.04607312500047556,near_tie,near_tie_n360_m6_g18_s22,dense,360,0.008217500000682776,3,22,0.054347416999917186
0.04636941599983402,near_tie,near_tie_n360_m6_g18_s22,dense,360,0.008273750000626023,4,22,0.05469408299995848
0.006825999999819032,near_tie,near_tie_n360_m6_g18_s22,compressed,360,0.001187332999506907,4,22,0.008073542000602174
0.0066679169995040866,near_tie,near_tie_n360_m6_g18_s23,compressed,360,0.00129233400002704,0,23,0.008024042000215559
0.0464994169997226,near_tie,near_tie_n360_m6_g18_s23,dense,360,0.008052375000261236,0,23,0.054599874999439635
0.04602616600004694,near_tie,near_tie_n360_m6_g18_s23,dense,360,0.008012540999516204,1,23,0.05408954100039409
0.006765250000171363,near_tie,near_tie_n360_m6_g18_s23,compressed,360,0.001241416999619105,1,23,0.00806691699926887
0.0066537079992485815,near_tie,near_tie_n360_m6_g18_s23,compressed,360,0.0012816250000469154,2,23,0.007999542000106885
0.04600054100046691,near_tie,near_tie_n360_m6_g18_s23,dense,360,0.008212499999899592,2,23,0.054266125000140164
0.046573208999689086,near_tie,near_tie_n360_m6_g18_s23,dense,360,0.00827037500039296,3,23,0.054891167000278074
0.006819457999881706,near_tie,near_tie_n360_m6_g18_s23,compressed,360,0.001186082999993232,3,23,0.008066917000178364
0.006872458000543702,near_tie,near_tie_n360_m6_g18_s23,compressed,360,0.001187374999972235,4,23,0.008121999999275431
0.04628874999980326,near_tie,near_tie_n360_m6_g18_s23,dense,360,0.008090583999546652,4,23,0.05442608300018037
0.013226290999227786,near_tie,near_tie_n720_m6_g26_s21,compressed,720,0.0022781249999752617,0,21,0.015629707999323728
0.09306383300008747,near_tie,near_tie_n720_m6_g26_s21,dense,720,0.016304499999932887,0,21,0.10946350000085658
0.09293820800030517,near_tie,near_tie_n720_m6_g26_s21,dense,720,0.016599458000200684,1,21,0.10962720899988199
0.014718082999934268,near_tie,near_tie_n720_m6_g26_s21,compressed,720,0.002374249999775202,1,21,0.017206500000611413
0.014800207999542181,near_tie,near_tie_n720_m6_g26_s21,compressed,720,0.0024535410002499702,2,21,0.01739045799968153
0.10122908299945266,near_tie,near_tie_n720_m6_g26_s21,dense,720,0.01631504200031486,2,21,0.11763737499950366
0.09402029200009565,near_tie,near_tie_n720_m6_g26_s21,dense,720,0.016530208999938623,3,21,0.11065529100051208
0.013265541999317065,near_tie,near_tie_n720_m6_g26_s21,compressed,720,0.002282417000060377,3,21,0.015670207999392005
0.013383542000156012,near_tie,near_tie_n720_m6_g26_s21,compressed,720,0.0022852090005471837,4,21,0.015790750000633125
0.09332445800009737,near_tie,near_tie_n720_m6_g26_s21,dense,720,0.016191875000004075,4,21,0.10960779200013349
0.09287479099930351,near_tie,near_tie_n720_m6_g26_s22,dense,720,0.016298125000503205,0,22,0.1092579169999226
0.013961708000351791,near_tie,near_tie_n720_m6_g26_s22,compressed,720,0.0024917089995142305,0,22,0.01658404200043151
0.014435457999752543,near_tie,near_tie_n720_m6_g26_s22,compressed,720,0.002405541999905836,1,22,0.01696737500060408
0.10540154200043617,near_tie,near_tie_n720_m6_g26_s22,dense,720,0.01766375000079279,1,22,0.12316008299967507
0.09989987500011921,near_tie,near_tie_n720_m6_g26_s22,dense,720,0.016567791999477777,2,22,0.11656954200043401
0.013618625000162865,near_tie,near_tie_n720_m6_g26_s22,compressed,720,0.0023403750001307344,2,22,0.016083333999631577
0.013362249999772757,near_tie,near_tie_n720_m6_g26_s22,compressed,720,0.002237541000795318,3,22,0.015723583000180952
0.0951121250000142,near_tie,near_tie_n720_m6_g26_s22,dense,720,0.01744791700002679,3,22,0.11264604200005124
0.09515112499957468,near_tie,near_tie_n720_m6_g26_s22,dense,720,0.01627766699948552,4,22,0.11151437500029715
0.013308832999427977,near_tie,near_tie_n720_m6_g26_s22,compressed,720,0.002164667000215559,4,22,0.015588250000291737
0.013827000000674161,near_tie,near_tie_n720_m6_g26_s23,compressed,720,0.0023753750001560547,0,23,0.016327624999576074
0.09302237500014598,near_tie,near_tie_n720_m6_g26_s23,dense,720,0.016225750000558037,0,23,0.10934354100027122
0.09307050000006711,near_tie,near_tie_n720_m6_g26_s23,dense,720,0.015993166000043857,1,23,0.10915291699984664
0.01330833299925871,near_tie,near_tie_n720_m6_g26_s23,compressed,720,0.002270416999635927,1,23,0.015703916999882495
0.01323666600001161,near_tie,near_tie_n720_m6_g26_s23,compressed,720,0.0021744579998994595,2,23,0.015524540999649616
0.09356299999944895,near_tie,near_tie_n720_m6_g26_s23,dense,720,0.01621658300064155,2,23,0.10987729199950991
0.09219595899958222,near_tie,near_tie_n720_m6_g26_s23,dense,720,0.016172458000255574,3,23,0.10845920799965825
0.013211874999797146,near_tie,near_tie_n720_m6_g26_s23,compressed,720,0.0022327500000756118,3,23,0.015562457999294566
0.013138459000401781,near_tie,near_tie_n720_m6_g26_s23,compressed,720,0.002253499999824271,4,23,0.015510833000007551
0.09195995900063281,near_tie,near_tie_n720_m6_g26_s23,dense,720,0.01651529099945037,4,23,0.10858466700028657
0.00199849999989965,many_breakpoints,many_breakpoints_n90_m6_g9_s21,compressed,90,0.0005120000005263137,0,21,0.002533041999413399
0.1999784580002597,many_breakpoints,many_breakpoints_n90_m6_g9_s21,dense,90,0.007430333000229439,0,21,0.20744804100013425
0.19603962499968475,many_breakpoints,many_breakpoints_n90_m6_g9_s21,dense,90,0.007323499999984051,1,21,0.2034036669992929
0.0018353329996898538,many_breakpoints,many_breakpoints_n90_m6_g9_s21,compressed,90,0.0005051660000390257,1,21,0.0023637920003238833
0.0018202499995823018,many_breakpoints,many_breakpoints_n90_m6_g9_s21,compressed,90,0.0005754579997301335,2,21,0.002416959000584029
0.19838304099994275,many_breakpoints,many_breakpoints_n90_m6_g9_s21,dense,90,0.007437000000209082,2,21,0.20585841600041022
0.19844137499967474,many_breakpoints,many_breakpoints_n90_m6_g9_s21,dense,90,0.007491125000342436,3,21,0.20596854199993686
0.0019276250004622852,many_breakpoints,many_breakpoints_n90_m6_g9_s21,compressed,90,0.0005225830000199494,3,21,0.0024730830000407877
0.0019770830003835727,many_breakpoints,many_breakpoints_n90_m6_g9_s21,compressed,90,0.0005015409997213283,4,21,0.0024998749995575054
0.19757454199952917,many_breakpoints,many_breakpoints_n90_m6_g9_s21,dense,90,0.007457624999915424,4,21,0.20506995800042205
0.1965420410006118,many_breakpoints,many_breakpoints_n90_m6_g9_s22,dense,90,0.007284749999598716,0,22,0.20384712499981106
0.001937250000082713,many_breakpoints,many_breakpoints_n90_m6_g9_s22,compressed,90,0.000526333999914641,0,22,0.002485459000126866
0.0019185830005881144,many_breakpoints,many_breakpoints_n90_m6_g9_s22,compressed,90,0.0005020420003347681,1,22,0.002441167000142741
0.19669091699961427,many_breakpoints,many_breakpoints_n90_m6_g9_s22,dense,90,0.007377916999757872,1,22,0.20409420900068653
0.20507116699991457,many_breakpoints,many_breakpoints_n90_m6_g9_s22,dense,90,0.00740475000020524,2,22,0.21250583300025028
0.001902166999570909,many_breakpoints,many_breakpoints_n90_m6_g9_s22,compressed,90,0.0004983749995517428,2,22,0.0024205830004575546
0.001967791999959445,many_breakpoints,many_breakpoints_n90_m6_g9_s22,compressed,90,0.0005195419998926809,3,22,0.002509334000023955
0.1964946250000139,many_breakpoints,many_breakpoints_n90_m6_g9_s22,dense,90,0.007382916000096884,3,22,0.20390416699956404
0.1972068750001199,many_breakpoints,many_breakpoints_n90_m6_g9_s22,dense,90,0.0073940420006692875,4,22,0.204623000000538
0.0020700830000350834,many_breakpoints,many_breakpoints_n90_m6_g9_s22,compressed,90,0.0005265409999992698,4,22,0.0026172079997195397
0.0018947500002468587,many_breakpoints,many_breakpoints_n90_m6_g9_s23,compressed,90,0.0005059160002929275,0,23,0.0024247920000561862
0.20709741700011364,many_breakpoints,many_breakpoints_n90_m6_g9_s23,dense,90,0.007420709000143688,0,23,0.21453962499981571
0.20253337499980262,many_breakpoints,many_breakpoints_n90_m6_g9_s23,dense,90,0.007966708999447292,1,23,0.21052508299999317
0.0021607500002573943,many_breakpoints,many_breakpoints_n90_m6_g9_s23,compressed,90,0.0005276249994494719,1,23,0.002718250000725675
0.001975416999812296,many_breakpoints,many_breakpoints_n90_m6_g9_s23,compressed,90,0.00051870900006179,2,23,0.002515999999559426
0.20151837499997782,many_breakpoints,many_breakpoints_n90_m6_g9_s23,dense,90,0.007402207999803068,2,23,0.20894408300046052
0.19856637500015495,many_breakpoints,many_breakpoints_n90_m6_g9_s23,dense,90,0.007362332999946375,3,23,0.20595349999985046
0.00188520800020342,many_breakpoints,many_breakpoints_n90_m6_g9_s23,compressed,90,0.0005116249994898681,3,23,0.002419124999505584
0.0019119170001431485,many_breakpoints,many_breakpoints_n90_m6_g9_s23,compressed,90,0.00050341699989076,4,23,0.0024355830000786227
0.19822929200017825,many_breakpoints,many_breakpoints_n90_m6_g9_s23,dense,90,0.007574916999146808,4,23,0.20582895799998369
0.0035359579997020774,many_breakpoints,many_breakpoints_n180_m6_g13_s21,compressed,180,0.0007991249995029648,0,21,0.004368625000097381
0.8104869169992526,many_breakpoints,many_breakpoints_n180_m6_g13_s21,dense,180,0.02700333299981139,0,21,0.8375578329996642
0.8036674580007457,many_breakpoints,many_breakpoints_n180_m6_g13_s21,dense,180,0.02723637500002951,1,21,0.8309546250002313
0.0035345000005690963,many_breakpoints,many_breakpoints_n180_m6_g13_s21,compressed,180,0.0007953749991429504,1,21,0.004364041999906476
0.003649582999969425,many_breakpoints,many_breakpoints_n180_m6_g13_s21,compressed,180,0.0008164159999068943,2,21,0.004502167000282498
0.8227714170006948,many_breakpoints,many_breakpoints_n180_m6_g13_s21,dense,180,0.026757750000797387,2,21,0.8495913750002728
0.8333478750000722,many_breakpoints,many_breakpoints_n180_m6_g13_s21,dense,180,0.028985375000047497,3,21,0.8623810419994697
0.00412258300002577,many_breakpoints,many_breakpoints_n180_m6_g13_s21,compressed,180,0.000871332999849983,3,21,0.005033874999753607
0.0037162919998081634,many_breakpoints,many_breakpoints_n180_m6_g13_s21,compressed,180,0.0008756659999562544,4,21,0.004626165999980003
0.8113779579998663,many_breakpoints,many_breakpoints_n180_m6_g13_s21,dense,180,0.02639587500016205,4,21,0.837832499999422
0.8032290839992129,many_breakpoints,many_breakpoints_n180_m6_g13_s22,dense,180,0.026691042000493326,0,22,0.8299742500003049
0.0035700000007636845,many_breakpoints,many_breakpoints_n180_m6_g13_s22,compressed,180,0.0007994999996299157,0,22,0.004405833999953757
0.0035945419995186967,many_breakpoints,many_breakpoints_n180_m6_g13_s22,compressed,180,0.0007917909997559036,1,22,0.004425500000252214
0.816942458000085,many_breakpoints,many_breakpoints_n180_m6_g13_s22,dense,180,0.02914558400061651,1,22,0.8461672920002457
0.8425184999996418,many_breakpoints,many_breakpoints_n180_m6_g13_s22,dense,180,0.027305499999783933,2,22,0.869883917000152
0.0037526670002989704,many_breakpoints,many_breakpoints_n180_m6_g13_s22,compressed,180,0.0008355840000149328,2,22,0.004626208999980008
0.00368849999995291,many_breakpoints,many_breakpoints_n180_m6_g13_s22,compressed,180,0.0008056250007939525,3,22,0.004532124999968801
0.8073119999999108,many_breakpoints,many_breakpoints_n180_m6_g13_s22,dense,180,0.02690062500005297,3,22,0.8342612079995888
0.8071772920002331,many_breakpoints,many_breakpoints_n180_m6_g13_s22,dense,180,0.02687879199947929,4,22,0.8341037499994854
0.0035439169996607234,many_breakpoints,many_breakpoints_n180_m6_g13_s22,compressed,180,0.0007960419998198631,4,22,0.00437800000054267
0.003907875000550121,many_breakpoints,many_breakpoints_n180_m6_g13_s23,compressed,180,0.0007848340001146425,0,23,0.004727749999801745
0.8261212919996979,many_breakpoints,many_breakpoints_n180_m6_g13_s23,dense,180,0.029953166999803216,0,23,0.8561257500005013
0.8259786250000616,many_breakpoints,many_breakpoints_n180_m6_g13_s23,dense,180,0.027078291000179888,1,23,0.8531151670003965
0.0037532079995798995,many_breakpoints,many_breakpoints_n180_m6_g13_s23,compressed,180,0.0007906250002633897,1,23,0.0045781250000800355
0.0036765830000149435,many_breakpoints,many_breakpoints_n180_m6_g13_s23,compressed,180,0.0008180409995475202,2,23,0.004527916999904846
0.8062599579998277,many_breakpoints,many_breakpoints_n180_m6_g13_s23,dense,180,0.026897083000221755,2,23,0.8332307079999737
0.8043514159999177,many_breakpoints,many_breakpoints_n180_m6_g13_s23,dense,180,0.026870749999943655,3,23,0.8312772909994237
0.0035871659993063076,many_breakpoints,many_breakpoints_n180_m6_g13_s23,compressed,180,0.0008206249995055259,3,23,0.0044438329996410175
0.00361004100068385,many_breakpoints,many_breakpoints_n180_m6_g13_s23,compressed,180,0.000804207999863138,4,23,0.004447250000339409
0.8151238750006087,many_breakpoints,many_breakpoints_n180_m6_g13_s23,dense,180,0.027292417000353453,4,23,0.8424756250005885
0.007930458999908296,many_breakpoints,many_breakpoints_n360_m6_g18_s21,compressed,360,0.0018874590004998026,0,21,0.009895499999402091
3.350857624999662,many_breakpoints,many_breakpoints_n360_m6_g18_s21,dense,360,0.0975996249999298,0,21,3.4486274999999296
3.3344825419999324,many_breakpoints,many_breakpoints_n360_m6_g18_s21,dense,360,0.0995356659996105,1,21,3.4341507079998337
0.007179500000347616,many_breakpoints,many_breakpoints_n360_m6_g18_s21,compressed,360,0.001518624999334861,1,21,0.008760707999499573
0.006910875000357919,many_breakpoints,many_breakpoints_n360_m6_g18_s21,compressed,360,0.0015911250002318411,2,21,0.008567708000555285
3.2871020419997876,many_breakpoints,many_breakpoints_n360_m6_g18_s21,dense,360,0.09798008399957325,2,21,3.385210375000497
3.3112675829997897,many_breakpoints,many_breakpoints_n360_m6_g18_s21,dense,360,0.09742050000022573,3,21,3.408821750000243
0.006942208000509709,many_breakpoints,many_breakpoints_n360_m6_g18_s21,compressed,360,0.001517333000265353,3,21,0.008522624999386608
0.006896957999742881,many_breakpoints,many_breakpoints_n360_m6_g18_s21,compressed,360,0.001434374999917054,4,21,0.00839300000006915
3.3144240000001446,many_breakpoints,many_breakpoints_n360_m6_g18_s21,dense,360,0.0978762499998993,4,21,3.4124379159993623
3.316109792000134,many_breakpoints,many_breakpoints_n360_m6_g18_s22,dense,360,0.09840299999996205,0,22,3.414689209000244
0.007022792000498157,many_breakpoints,many_breakpoints_n360_m6_g18_s22,compressed,360,0.0014770420002605533,0,22,0.008564457999455044
0.006929749999471824,many_breakpoints,many_breakpoints_n360_m6_g18_s22,compressed,360,0.0014362910005729645,1,22,0.00843095800064475
3.2873991249998653,many_breakpoints,many_breakpoints_n360_m6_g18_s22,dense,360,0.09738800000013725,1,22,3.3849452920003387
3.273501749999923,many_breakpoints,many_breakpoints_n360_m6_g18_s22,dense,360,0.09770754100009071,2,22,3.37134849999984
0.006938292000086221,many_breakpoints,many_breakpoints_n360_m6_g18_s22,compressed,360,0.001403833000040322,2,22,0.008405125000535918
0.006980042000577669,many_breakpoints,many_breakpoints_n360_m6_g18_s22,compressed,360,0.001388790999953926,3,22,0.008436000000074273
3.3290473330007444,many_breakpoints,many_breakpoints_n360_m6_g18_s22,dense,360,0.09736104200055706,3,22,3.4265474999992875
3.306825208999726,many_breakpoints,many_breakpoints_n360_m6_g18_s22,dense,360,0.09813233299973945,4,22,3.4050824160003685
0.006832833000771643,many_breakpoints,many_breakpoints_n360_m6_g18_s22,compressed,360,0.0015120420002858737,4,22,0.00840837499981717
0.007181791000220983,many_breakpoints,many_breakpoints_n360_m6_g18_s23,compressed,360,0.001525749999927939,0,23,0.008769957999902545
3.302206625000508,many_breakpoints,many_breakpoints_n360_m6_g18_s23,dense,360,0.09755495799981873,0,23,3.3999066249998577
3.299182166000719,many_breakpoints,many_breakpoints_n360_m6_g18_s23,dense,360,0.09734108400061814,1,23,3.396675375000086
0.0069301670000641025,many_breakpoints,many_breakpoints_n360_m6_g18_s23,compressed,360,0.0015514999995502876,1,23,0.008545583999875817
0.006843874999503896,many_breakpoints,many_breakpoints_n360_m6_g18_s23,compressed,360,0.001463625000724278,2,23,0.008407416999943962
3.3220274999994217,many_breakpoints,many_breakpoints_n360_m6_g18_s23,dense,360,0.0992250419994889,2,23,3.421412458999839
3.28716329100007,many_breakpoints,many_breakpoints_n360_m6_g18_s23,dense,360,0.10127925000051619,3,23,3.388596959000097
0.006978249999519903,many_breakpoints,many_breakpoints_n360_m6_g18_s23,compressed,360,0.001533582999400096,3,23,0.00857724999968923
0.006939791000149853,many_breakpoints,many_breakpoints_n360_m6_g18_s23,compressed,360,0.0016138329992827494,4,23,0.008617665999736346
3.333982458000719,many_breakpoints,many_breakpoints_n360_m6_g18_s23,dense,360,0.09786370800065924,4,23,3.4319963749994713
0.013925582999945618,many_breakpoints,many_breakpoints_n720_m6_g26_s21,compressed,720,0.002946167000118294,0,21,0.016996915999698103
13.687502374999895,many_breakpoints,many_breakpoints_n720_m6_g26_s21,dense,720,0.3699205000002621,0,21,14.057740374999412
13.487550666000061,many_breakpoints,many_breakpoints_n720_m6_g26_s21,dense,720,0.36278433299958124,1,21,13.85056829200039
0.013420875000520027,many_breakpoints,many_breakpoints_n720_m6_g26_s21,compressed,720,0.0029421669996736455,1,21,0.0164939169999343
0.013292458000250917,many_breakpoints,many_breakpoints_n720_m6_g26_s21,compressed,720,0.002913790999627963,2,21,0.016342040999916208
13.447908833999463,many_breakpoints,many_breakpoints_n720_m6_g26_s21,dense,720,0.3665530829994168,2,21,13.814716333999968
13.445405540999673,many_breakpoints,many_breakpoints_n720_m6_g26_s21,dense,720,0.37421816699952615,3,21,13.819908832999317
0.013526749999982712,many_breakpoints,many_breakpoints_n720_m6_g26_s21,compressed,720,0.0031065419998412835,3,21,0.016751665999436227
0.013596416999462235,many_breakpoints,many_breakpoints_n720_m6_g26_s21,compressed,720,0.0029862080000384594,4,21,0.016703041999790003
13.429808083000353,many_breakpoints,many_breakpoints_n720_m6_g26_s21,dense,720,0.3885208749998128,4,21,13.818594583999584
13.47963479200007,many_breakpoints,many_breakpoints_n720_m6_g26_s22,dense,720,0.3854014170001392,0,22,13.865322749999905
0.01367254100023274,many_breakpoints,many_breakpoints_n720_m6_g26_s22,compressed,720,0.002951415999632445,0,22,0.0167516669998804
0.014946041999792214,many_breakpoints,many_breakpoints_n720_m6_g26_s22,compressed,720,0.0032882499999686843,1,22,0.01839354200001253
13.506075332999899,many_breakpoints,many_breakpoints_n720_m6_g26_s22,dense,720,0.3699477919999481,1,22,13.876299166000535
13.565352708000319,many_breakpoints,many_breakpoints_n720_m6_g26_s22,dense,720,0.37368083399996976,2,22,13.939299499999834
0.013285832999827107,many_breakpoints,many_breakpoints_n720_m6_g26_s22,compressed,720,0.0029480419998435536,2,22,0.01636945799964451
0.013369291999879351,many_breakpoints,many_breakpoints_n720_m6_g26_s22,compressed,720,0.003003957999681006,3,22,0.01649945899953309
13.484266459000537,many_breakpoints,many_breakpoints_n720_m6_g26_s22,dense,720,0.367447292000179,3,22,13.851980792000177
13.433428833000107,many_breakpoints,many_breakpoints_n720_m6_g26_s22,dense,720,0.36894391599980736,4,22,13.802663125000436
0.01349979099995835,many_breakpoints,many_breakpoints_n720_m6_g26_s22,compressed,720,0.003018917000190413,4,22,0.0166420420000577
0.013977915999930701,many_breakpoints,many_breakpoints_n720_m6_g26_s23,compressed,720,0.0030473329998130794,0,23,0.017152207999970415
13.544955833000131,many_breakpoints,many_breakpoints_n720_m6_g26_s23,dense,720,0.36686516600002506,0,23,13.91207970800042
13.474131291999583,many_breakpoints,many_breakpoints_n720_m6_g26_s23,dense,720,0.3667838749997827,1,23,13.841222333999212
0.01359733299977961,many_breakpoints,many_breakpoints_n720_m6_g26_s23,compressed,720,0.0030295840006147046,1,23,0.016746874999626016
0.013484958999470109,many_breakpoints,many_breakpoints_n720_m6_g26_s23,compressed,720,0.0030236249995141407,2,23,0.016641207999782637
13.432315500000186,many_breakpoints,many_breakpoints_n720_m6_g26_s23,dense,720,0.3762257079997653,2,23,13.80881354200028
13.48780133299988,many_breakpoints,many_breakpoints_n720_m6_g26_s23,dense,720,0.37240483299956395,3,23,13.860450666999895
0.013600833999589668,many_breakpoints,many_breakpoints_n720_m6_g26_s23,compressed,720,0.003004749999490741,3,23,0.016741041000386758
0.013815708000038285,many_breakpoints,many_breakpoints_n720_m6_g26_s23,compressed,720,0.0030580410002585268,4,23,0.017015790999721503
13.564855540999815,many_breakpoints,many_breakpoints_n720_m6_g26_s23,dense,720,0.3814450410000063,4,23,13.94655395800055
